x,y,ar,
-56.700001,-30,-10.2,-2.0574524197862
-56.700001,-30,-10.2,-2.0574524197862
-58.349998,-30.450001,-8.55,-2.05177148482127
-57.150002,-28.65,-9.45,-2.03549323933366
-56.400002,-30.6,-9.6,-2.06790423138132
-57.450001,-29.85,-10.05,-2.04998671840371
-57.150002,-30.75,-10.05,-2.06442459408428
-56.700001,-29.4,-9.9,-2.04914875096635
-58.200001,-30.299999,-9.9,-2.05080237411395
-58.200001,-30.299999,-9.9,-2.05080237411395
-58.200001,-30.299999,-9.9,-2.05080237411395
-58.200001,-30.299999,-9.9,-2.05080237411395
-58.200001,-30.299999,-9.9,-2.05080237411395
-56.400002,-30.299999,-10.8,-2.06378558875378
-56.700001,-29.700001,-10.5,-2.05330962840759
-56.099998,-30.9,-10.8,-2.07425518989521
-56.099998,-29.700001,-9.9,-2.0576955872712
-56.549999,-30.450001,-9.75,-2.06473771680485
-56.549999,-29.25,-9.15,-2.04814171638462
-55.950001,-30.450001,-9.75,-2.0692033820423
-55.950001,-30.450001,-9.75,-2.0692033820423
-55.950001,-30.450001,-9.75,-2.0692033820423
-55.950001,-30.450001,-9.75,-2.0692033820423
-55.950001,-30.450001,-9.75,-2.0692033820423
-57.299999,-29.700001,-10.5,-2.04899594397026
-58.200001,-30.6,-10.2,-2.05484925940481
-56.549999,-29.25,-9.75,-2.04814171638462
-56.549999,-30.450001,-10.65,-2.06473771680485
-56.849998,-30.450001,-9.75,-2.06253230857172
-55.349998,-29.85,-9.15,-2.06538391427482
-56.25,-30.15,-10.05,-2.06282747836264
-56.25,-30.15,-10.05,-2.06282747836264
-56.25,-30.15,-10.05,-2.06282747836264
-56.25,-30.15,-10.05,-2.06282747836264
-56.25,-30.15,-10.05,-2.06282747836264
-56.25,-30.15,-10.05,-2.06282747836264
-57,-30.299999,-9.3,-2.05938677308075
-57.450001,-30.15,-9.75,-2.05408979783984
-56.400002,-29.700001,-10.2,-2.05549345719439
-57,-30.299999,-9.6,-2.05938677308075
-57.599998,-29.700001,-9.9,-2.0468656849758
-56.700001,-30,-8.1,-2.0574524197862
-56.700001,-30,-8.1,-2.0574524197862
-56.700001,-30,-8.1,-2.0574524197862
-56.700001,-30,-8.1,-2.0574524197862
-56.700001,-30,-8.1,-2.0574524197862
-56.700001,-30,-8.1,-2.0574524197862
-57.150002,-30.450001,-10.95,-2.06034487713964
-56.25,-30.450001,-10.05,-2.0669613398517
-56.25,-29.85,-8.85,-2.05867523010269
-56.849998,-30.75,-9.15,-2.06662390750778
-56.700001,-30.299999,-9.9,-2.06157712893005
-57.150002,-30.15,-9.75,-2.05624731925279
-57.150002,-30.15,-9.75,-2.05624731925279
-57.150002,-30.15,-9.75,-2.05624731925279
-57.150002,-30.15,-9.75,-2.05624731925279
-57.150002,-30.15,-9.75,-2.05624731925279
-57.150002,-30.15,-9.75,-2.05624731925279
-56.700001,-31.5,-9.6,-2.07789482369996
-57,-29.700001,-8.7,-2.05114385833596
-57.75,-29.549999,-9.75,-2.04375078882058
-56.849998,-31.049999,-10.95,-2.07069747583832
-56.549999,-29.25,-9.45,-2.04814171638462
-57.450001,-30.450001,-11.25,-2.05817529630625
-57.75,-28.65,-9.45,-2.03132219775747
-57.75,-28.65,-9.45,-2.03132219775747
-57.75,-28.65,-9.45,-2.03132219775747
-57.75,-28.65,-9.45,-2.03132219775747
-57.75,-28.65,-9.45,-2.03132219775747
-56.700001,-29.700001,-9.3,-2.05330962840759
-56.849998,-31.65,-10.95,-2.07879050196746
-56.099998,-29.700001,-9.45,-2.0576955872712
-55.799999,-30,-8.7,-2.06409626645849
-56.700001,-30,-10.2,-2.0574524197862
-56.849998,-30.75,-9.45,-2.06662390750778
-56.25,-30.450001,-10.05,-2.0669613398517
-56.25,-30.450001,-10.05,-2.0669613398517
-56.25,-30.450001,-10.05,-2.0669613398517
-56.25,-30.450001,-10.05,-2.0669613398517
-56.25,-30.450001,-10.05,-2.0669613398517
-56.25,-30.450001,-10.05,-2.0669613398517
-56.400002,-30,-9.3,-2.05964866642022
-56.25,-30.15,-9.75,-2.06282747836264
-56.849998,-30.450001,-8.85,-2.06253230857172
-57.299999,-29.4,-10.2,-2.04486023281502
-55.950001,-30.75,-10.65,-2.07333072936488
-57.299999,-31.5,-9.3,-2.07343854006783
-57.299999,-31.5,-9.3,-2.07343854006783
-57.299999,-31.5,-9.3,-2.07343854006783
-57.299999,-31.5,-9.3,-2.07343854006783
-57.299999,-31.5,-9.3,-2.07343854006783
-57.299999,-31.5,-9.3,-2.07343854006783
-57.299999,-29.700001,-9.3,-2.04899594397026
-57.150002,-29.85,-10.05,-2.05213198287826
-56.700001,-30.299999,-11.1,-2.06157712893005
-56.700001,-30.6,-9.3,-2.0656837618547
-56.400002,-29.4,-10.2,-2.05131995610731
-56.700001,-30.6,-10.2,-2.0656837618547
-56.849998,-29.85,-10.35,-2.05429505182384
-56.849998,-29.85,-10.35,-2.05429505182384
-56.849998,-29.85,-10.35,-2.05429505182384
-56.849998,-29.85,-10.35,-2.05429505182384
-56.849998,-29.85,-10.35,-2.05429505182384
-57.150002,-29.85,-9.45,-2.05213198287826
-57.450001,-29.25,-8.25,-2.04172787902043
-57,-30.9,-11.4,-2.06755812070213
-56.849998,-29.85,-10.05,-2.05429505182384
-56.549999,-30.450001,-8.85,-2.06473771680485
-56.849998,-30.450001,-9.45,-2.06253230857172
-58.349998,-30.75,-9.45,-2.05580387483414
-58.349998,-30.75,-9.45,-2.05580387483414
-58.349998,-30.75,-9.45,-2.05580387483414
-58.349998,-30.75,-9.45,-2.05580387483414
-58.349998,-30.75,-9.45,-2.05580387483414
-58.349998,-30.75,-9.45,-2.05580387483414
-55.950001,-30.450001,-9.15,-2.0692033820423
-56.400002,-30.299999,-9.9,-2.06378558875378
-57.450001,-30.15,-9.75,-2.05408979783984
-56.849998,-29.85,-7.95,-2.05429505182384
-56.400002,-30.299999,-10.2,-2.06378558875378
-57.150002,-29.85,-9.75,-2.05213198287826
-57.150002,-29.85,-9.75,-2.05213198287826
-57.150002,-29.85,-9.75,-2.05213198287826
-57.150002,-29.85,-9.75,-2.05213198287826
-57.150002,-29.85,-9.75,-2.05213198287826
-57.150002,-29.85,-9.75,-2.05213198287826
-57.150002,-29.85,-9.75,-2.05213198287826
-57.150002,-30.450001,-9.75,-2.06034487713964
-55.950001,-29.85,-9.45,-2.06089278573908
-57.150002,-29.85,-10.35,-2.05213198287826
-57.299999,-30.299999,-9.6,-2.05721432026305
-56.099998,-30.6,-10.8,-2.07014306346191
-56.099998,-30.6,-10.8,-2.07014306346191
-56.099998,-30.6,-10.8,-2.07014306346191
-56.099998,-30.6,-10.8,-2.07014306346191
-56.099998,-30.6,-10.8,-2.07014306346191
-56.099998,-30.6,-10.8,-2.07014306346191
-57.299999,-30,-10.2,-2.05311397256395
-56.700001,-30,-10.2,-2.0574524197862
-55.349998,-29.549999,-11.25,-2.06117553556804
-57.299999,-30,-10.8,-2.05311397256395
-56.549999,-30.450001,-10.05,-2.06473771680485
-56.099998,-30.299999,-10.5,-2.06601239339041
-57.450001,-30.75,-9.45,-2.06224315045998
-57,-30.9,-9.6,-2.06755812070213
-57,-30.9,-9.6,-2.06755812070213
-57,-30.9,-9.6,-2.06755812070213
-57,-30.9,-9.6,-2.06755812070213
-57,-30.9,-9.6,-2.06755812070213
-57,-30.9,-9.6,-2.06755812070213
-57.299999,-30.9,-10.5,-2.06536192264975
-57.450001,-30.15,-9.15,-2.05408979783984
-56.700001,-30.6,-9.6,-2.0656837618547
-55.950001,-29.85,-9.15,-2.06089278573908
-56.099998,-31.200001,-8.7,-2.07834878637757
-57.599998,-31.5,-10.8,-2.07123715455933
-57.599998,-31.5,-10.8,-2.07123715455933
-57.599998,-31.5,-10.8,-2.07123715455933
-57.599998,-31.5,-10.8,-2.07123715455933
-57.599998,-31.5,-10.8,-2.07123715455933
-57.599998,-31.5,-10.8,-2.07123715455933
-57.599998,-31.5,-10.8,-2.07123715455933
-57.150002,-29.85,-10.65,-2.05213198287826
-56.700001,-30.6,-9.9,-2.0656837618547
-57.900002,-29.4,-10.5,-2.0406421895815
-56.549999,-29.25,-9.15,-2.04814171638462
-57.299999,-30.299999,-9.3,-2.05721432026305
-57,-29.1,-9.3,-2.04282948347498
-57,-31.200001,-9.6,-2.07161690025868
-56.400002,-30.9,-10.5,-2.07200453547738
-56.400002,-30.9,-10.5,-2.07200453547738
-56.400002,-30.9,-10.5,-2.07200453547738
-56.400002,-30.9,-10.5,-2.07200453547738
-56.400002,-30.9,-10.5,-2.07200453547738
-56.700001,-29.4,-10.5,-2.04914875096635
-56.549999,-30.15,-10.65,-2.0606159762382
-57.450001,-29.85,-10.35,-2.04998671840371
-58.049999,-29.85,-10.35,-2.04574870272412
-56.700001,-29.700001,-9.9,-2.05330962840759
-56.25,-31.049999,-9.75,-2.07517373584186
-57.299999,-30.6,-9.6,-2.06129699086363
-57.299999,-30.6,-9.6,-2.06129699086363
-57.299999,-30.6,-9.6,-2.06129699086363
-57.299999,-30.6,-9.6,-2.06129699086363
-57.299999,-30.6,-9.6,-2.06129699086363
-57.299999,-30.6,-9.6,-2.06129699086363
-57.150002,-30.15,-9.75,-2.05624731925279
-56.849998,-30.15,-9.75,-2.05842266950139
-56.25,-30.450001,-9.75,-2.0669613398517
-55.950001,-29.85,-10.05,-2.06089278573908
-56.099998,-30.6,-9.6,-2.07014306346191
-56.25,-29.85,-10.05,-2.05867523010269
-55.799999,-29.4,-9,-2.05571732921041
-55.799999,-29.4,-9,-2.05571732921041
-55.799999,-29.4,-9,-2.05571732921041
-55.799999,-29.4,-9,-2.05571732921041
-55.799999,-29.4,-9,-2.05571732921041
-55.799999,-29.4,-9,-2.05571732921041
-56.400002,-30.299999,-9,-2.06378558875378
-56.099998,-30.6,-9.6,-2.07014306346191
-57.599998,-30,-9.6,-2.05097137062398
-57,-29.4,-9.3,-2.04699557786527
-56.25,-29.85,-8.85,-2.05867523010269
-55.950001,-29.549999,-8.85,-2.05670958736038
-55.650002,-29.549999,-9.45,-2.05893315283328
-55.650002,-29.549999,-9.45,-2.05893315283328
-55.650002,-29.549999,-9.45,-2.05893315283328
-55.650002,-29.549999,-9.45,-2.05893315283328
-55.650002,-29.549999,-9.45,-2.05893315283328
-55.650002,-29.549999,-9.45,-2.05893315283328
-55.950001,-30.15,-9.15,-2.06505738133428
-56.25,-29.85,-9.15,-2.05867523010269
-57,-29.700001,-9.9,-2.05114385833596
-55.5,-30.6,-9,-2.07467645149464
-56.400002,-30,-10.2,-2.05964866642022
-56.549999,-30.450001,-9.75,-2.06473771680485
-56.400002,-28.799999,-9.6,-2.04291828077258
-56.400002,-28.799999,-9.6,-2.04291828077258
-56.400002,-28.799999,-9.6,-2.04291828077258
-56.400002,-28.799999,-9.6,-2.04291828077258
-56.400002,-28.799999,-9.6,-2.04291828077258
-56.400002,-28.799999,-9.6,-2.04291828077258
-56.549999,-29.549999,-9.75,-2.05231794553811
-55.950001,-30.15,-10.35,-2.06505738133428
-56.099998,-30,-9,-2.06186323745991
-57.150002,-28.65,-8.55,-2.03549323933366
-57.299999,-30.9,-9.9,-2.06536192264975
-56.849998,-28.950001,-9.45,-2.04180450403723
-57,-30.299999,-10.8,-2.05938677308075
-57,-30.299999,-10.8,-2.05938677308075
-57,-30.299999,-10.8,-2.05938677308075
-57,-30.299999,-10.8,-2.05938677308075
-57,-30.299999,-10.8,-2.05938677308075
-56.400002,-30,-10.2,-2.05964866642022
-57.900002,-30,-10.2,-2.04884621798026
-57.150002,-31.049999,-9.75,-2.06848647845408
-56.700001,-29.4,-10.2,-2.04914875096635
-55.950001,-30.75,-10.35,-2.07333072936488
-56.700001,-31.799999,-8.7,-2.08192885380477
-56.549999,-29.85,-10.05,-2.05647605431581
-56.549999,-29.85,-10.05,-2.05647605431581
-56.549999,-29.85,-10.05,-2.05647605431581
-56.549999,-29.85,-10.05,-2.05647605431581
-56.549999,-29.85,-10.05,-2.05647605431581
-56.549999,-29.85,-10.05,-2.05647605431581
-56.099998,-30.299999,-10.5,-2.06601239339041
-56.700001,-28.5,-9.9,-2.0365580904737
-57.299999,-30,-9,-2.05311397256395
-56.849998,-29.549999,-10.35,-2.05014945117494
-56.400002,-30.6,-9.6,-2.06790423138132
-57.299999,-29.4,-9,-2.04486023281502
-57.299999,-29.4,-9,-2.04486023281502
-57.299999,-29.4,-9,-2.04486023281502
-57.299999,-29.4,-9,-2.04486023281502
-57.299999,-29.4,-9,-2.04486023281502
-57.299999,-29.4,-9,-2.04486023281502
-55.950001,-30.15,-9.45,-2.06505738133428
-55.950001,-30.450001,-10.95,-2.0692033820423
-57.150002,-30.75,-9.45,-2.06442459408428
-56.400002,-29.700001,-10.2,-2.05549345719439
-57,-30.299999,-9,-2.05938677308075
-57.299999,-30.299999,-9.6,-2.05721432026305
-56.549999,-29.549999,-8.85,-2.05231794553811
-56.549999,-29.549999,-8.85,-2.05231794553811
-56.549999,-29.549999,-8.85,-2.05231794553811
-56.549999,-29.549999,-8.85,-2.05231794553811
-56.549999,-29.549999,-8.85,-2.05231794553811
-56.549999,-29.549999,-8.85,-2.05231794553811
-56.400002,-30,-8.7,-2.05964866642022
-56.400002,-29.700001,-9.6,-2.05549345719439
-57.150002,-28.950001,-10.65,-2.03967948986937
-56.400002,-30,-9.9,-2.05964866642022
-57.450001,-29.549999,-9.75,-2.04586605578484
-56.549999,-30.15,-9.15,-2.0606159762382
-56.549999,-30.15,-9.15,-2.0606159762382
-56.549999,-30.15,-9.15,-2.0606159762382
-56.549999,-30.15,-9.15,-2.0606159762382
-56.549999,-30.15,-9.15,-2.0606159762382
-56.549999,-30.15,-9.15,-2.0606159762382
-57.150002,-29.25,-9.45,-2.04384803308262
-55.049999,-30.450001,-8.25,-2.07604214532272
-57.75,-29.85,-10.95,-2.04785902366373
-57.299999,-31.799999,-9.6,-2.07745018321561
-56.700001,-29.1,-9.6,-2.04496985566294
-57.299999,-30.299999,-9.6,-2.05721432026305
-57,-30,-9.6,-2.05527425583192
-57,-30,-9.6,-2.05527425583192
-57,-30,-9.6,-2.05527425583192
-57,-30,-9.6,-2.05527425583192
-57,-30,-9.6,-2.05527425583192
-56.849998,-29.85,-10.35,-2.05429505182384
-57,-29.4,-9.9,-2.04699557786527
-56.25,-29.25,-9.75,-2.05031561878749
-57,-30.299999,-9,-2.05938677308075
-56.099998,-29.700001,-10.2,-2.0576955872712
-56.549999,-29.85,-10.05,-2.05647605431581
-56.25,-30.15,-10.65,-2.06282747836264
-56.700001,-30,-9.3,-2.0574524197862
-56.700001,-30,-9.3,-2.0574524197862
-56.700001,-30,-9.3,-2.0574524197862
-56.700001,-30,-9.3,-2.0574524197862
-56.700001,-30,-9.3,-2.0574524197862
-57.299999,-29.4,-9,-2.04486023281502
-57.450001,-29.549999,-10.35,-2.04586605578484
-57.299999,-30,-9.6,-2.05311397256395
-57.450001,-29.25,-9.15,-2.04172787902043
-56.549999,-30.450001,-9.75,-2.06473771680485
-57,-30.6,-9.9,-2.06348141496835
-57,-30.6,-9.9,-2.06348141496835
-57,-30.6,-9.9,-2.06348141496835
-57,-30.6,-9.9,-2.06348141496835
-57,-30.6,-9.9,-2.06348141496835
-57,-30.6,-9.9,-2.06348141496835
-56.549999,-30.450001,-10.35,-2.06473771680485
-57,-31.200001,-9.9,-2.07161690025868
-56.549999,-30.15,-9.15,-2.0606159762382
-56.549999,-29.25,-9.75,-2.04814171638462
-57.599998,-30.9,-8.7,-2.06318346834673
-56.849998,-29.25,-9.75,-2.04598593492595
-56.549999,-30.15,-10.65,-2.0606159762382
-56.549999,-30.15,-10.65,-2.0606159762382
-56.549999,-30.15,-10.65,-2.0606159762382
-56.549999,-30.15,-10.65,-2.0606159762382
-56.549999,-30.15,-10.65,-2.0606159762382
-56.549999,-30.15,-10.65,-2.0606159762382
-56.849998,-29.549999,-9.15,-2.05014945117494
-56.700001,-30.9,-10.2,-2.06977225873065
-57,-30.6,-9.3,-2.06348141496835
-57.450001,-30.450001,-9.75,-2.05817529630625
-56.549999,-29.85,-9.75,-2.05647605431581
-56.549999,-29.85,-10.35,-2.05647605431581
-57.450001,-30.75,-9.15,-2.06224315045998
-57.450001,-30.75,-9.15,-2.06224315045998
-57.450001,-30.75,-9.15,-2.06224315045998
-57.450001,-30.75,-9.15,-2.06224315045998
-57.450001,-30.75,-9.15,-2.06224315045998
-56.549999,-30.450001,-9.45,-2.06473771680485
-57,-31.200001,-9.3,-2.07161690025868
-56.400002,-29.700001,-9.6,-2.05549345719439
-56.400002,-30.6,-9,-2.06790423138132
-56.849998,-28.950001,-9.75,-2.04180450403723
-56.400002,-29.4,-9.3,-2.05131995610731
-56.25,-31.950001,-9.45,-2.08735402195466
-56.25,-31.950001,-9.45,-2.08735402195466
-56.25,-31.950001,-9.45,-2.08735402195466
-56.25,-31.950001,-9.45,-2.08735402195466
-56.849998,-30.15,-8.85,-2.05842266950139
-57.599998,-30.299999,-10.2,-2.05505957212955
-57.75,-29.549999,-9.75,-2.04375078882058
-57.450001,-28.950001,-9.75,-2.03757219108047
-57.450001,-30.450001,-10.05,-2.05817529630625
-56.549999,-30.450001,-10.65,-2.06473771680485
-57.599998,-30.299999,-9.9,-2.05505957212955
-57.599998,-30.299999,-9.9,-2.05505957212955
-57.599998,-30.299999,-9.9,-2.05505957212955
-57.599998,-30.299999,-9.9,-2.05505957212955
-57.599998,-30.299999,-9.9,-2.05505957212955
-56.700001,-30.299999,-10.2,-2.06157712893005
-56.400002,-29.4,-10.2,-2.05131995610731
-55.950001,-29.85,-9.45,-2.06089278573908
-57.299999,-30.6,-10.2,-2.06129699086363
-57.299999,-29.1,-10.2,-2.0407069089692
-57,-30.299999,-10.5,-2.05938677308075
-57.599998,-29.700001,-10.2,-2.0468656849758
-57.599998,-29.700001,-10.2,-2.0468656849758
-57.599998,-29.700001,-10.2,-2.0468656849758
-57.599998,-29.700001,-10.2,-2.0468656849758
-57.599998,-29.700001,-10.2,-2.0468656849758
-57.599998,-29.700001,-10.2,-2.0468656849758
-57.599998,-29.700001,-10.2,-2.0468656849758
-56.849998,-31.049999,-10.95,-2.07069747583832
-57.150002,-30.450001,-9.45,-2.06034487713964
-56.25,-30.15,-8.85,-2.06282747836264
-55.650002,-29.25,-9.45,-2.05471862379747
-58.049999,-31.049999,-10.05,-2.06195991885121
-55.5,-30.299999,-10.2,-2.07052167902903
-55.5,-30.299999,-10.2,-2.07052167902903
-55.5,-30.299999,-10.2,-2.07052167902903
-55.5,-30.299999,-10.2,-2.07052167902903
-55.5,-30.299999,-10.2,-2.07052167902903
-56.700001,-29.700001,-9.9,-2.05330962840759
-58.5,-30.299999,-10.5,-2.04869957568827
-56.549999,-30.450001,-10.35,-2.06473771680485
-56.849998,-30.450001,-9.15,-2.06253230857172
-56.099998,-29.1,-10.5,-2.04930485203235
-57.150002,-28.950001,-10.35,-2.03967948986937
-55.799999,-30,-9.3,-2.06409626645849
-57.150002,-30.15,-8.85,-2.05624731925279
-57.150002,-30.15,-8.85,-2.05624731925279
-57.150002,-30.15,-8.85,-2.05624731925279
-57.150002,-30.15,-8.85,-2.05624731925279
-57.150002,-30.15,-8.85,-2.05624731925279
-57,-30,-9.6,-2.05527425583192
-57.450001,-29.25,-10.05,-2.04172787902043
-56.400002,-30.9,-8.7,-2.07200453547738
-57.299999,-30,-10.2,-2.05311397256395
-56.549999,-30.15,-8.85,-2.0606159762382
-56.700001,-30.299999,-9.9,-2.06157712893005
-56.700001,-30.6,-9.6,-2.0656837618547
-56.700001,-30.6,-9.6,-2.0656837618547
-56.700001,-30.6,-9.6,-2.0656837618547
-56.700001,-30.6,-9.6,-2.0656837618547
-56.700001,-30.6,-9.6,-2.0656837618547
-56.400002,-30.9,-9.9,-2.07200453547738
-56.700001,-30.299999,-9.9,-2.06157712893005
-56.549999,-31.049999,-10.35,-2.07292648292384
-55.799999,-29.4,-9.6,-2.05571732921041
-57.450001,-29.85,-9.75,-2.04998671840371
-56.700001,-29.1,-9.9,-2.04496985566294
-56.700001,-29.1,-9.9,-2.04496985566294
-56.700001,-29.1,-9.9,-2.04496985566294
-56.700001,-29.1,-9.9,-2.04496985566294
-56.700001,-29.1,-9.9,-2.04496985566294
-56.700001,-29.1,-9.9,-2.04496985566294
-56.700001,-29.1,-9.9,-2.04496985566294
-56.549999,-29.549999,-9.75,-2.05231794553811
-57.75,-28.950001,-9.75,-2.03548237086004
-57.299999,-29.700001,-9.6,-2.04899594397026
-57.150002,-29.85,-9.45,-2.05213198287826
-55.799999,-30.299999,-9.9,-2.06825767485169
-58.200001,-30,-9.9,-2.04673839127635
-58.200001,-30,-9.9,-2.04673839127635
-58.200001,-30,-9.9,-2.04673839127635
-58.200001,-30,-9.9,-2.04673839127635
-58.200001,-30,-9.9,-2.04673839127635
-55.950001,-29.85,-8.25,-2.06089278573908
-56.849998,-29.85,-9.75,-2.05429505182384
-57.150002,-29.85,-9.45,-2.05213198287826
-57,-30.9,-8.7,-2.06755812070213
-56.700001,-29.700001,-9.3,-2.05330962840759
-56.099998,-30.299999,-9,-2.06601239339041
-57.150002,-28.35,-9.75,-2.03128935819549
-57.150002,-28.35,-9.75,-2.03128935819549
-57.150002,-28.35,-9.75,-2.03128935819549
-57.150002,-28.35,-9.75,-2.03128935819549
-57.150002,-28.35,-9.75,-2.03128935819549
-57.150002,-28.35,-9.75,-2.03128935819549
-56.700001,-30.9,-10.2,-2.06977225873065
-56.700001,-30.299999,-10.2,-2.06157712893005
-56.849998,-30.450001,-9.75,-2.06253230857172
-56.25,-29.549999,-9.45,-2.05450458839534
-56.849998,-30.15,-9.75,-2.05842266950139
-56.549999,-30.15,-8.85,-2.0606159762382
-56.099998,-30,-10.5,-2.06186323745991
-56.099998,-30,-10.5,-2.06186323745991
-56.099998,-30,-10.5,-2.06186323745991
-56.099998,-30,-10.5,-2.06186323745991
-56.099998,-30,-10.5,-2.06186323745991
-56.099998,-30,-10.5,-2.06186323745991
-57.299999,-30,-9.6,-2.05311397256395
-55.200001,-30,-10.2,-2.06861865181127
-57.299999,-30.6,-8.1,-2.06129699086363
-55.5,-30.9,-9.6,-2.0788122621225
-56.700001,-30.6,-9.6,-2.0656837618547
-56.849998,-28.950001,-9.15,-2.04180450403723
-57.299999,-29.4,-9.3,-2.04486023281502
-57.299999,-29.4,-9.3,-2.04486023281502
-57.299999,-29.4,-9.3,-2.04486023281502
-57.299999,-29.4,-9.3,-2.04486023281502
-57.299999,-29.4,-9.3,-2.04486023281502
-56.700001,-30.299999,-8.1,-2.06157712893005
-56.400002,-29.700001,-9.9,-2.05549345719439
-56.549999,-31.049999,-9.75,-2.07292648292384
-56.400002,-30.9,-8.7,-2.07200453547738
-57.150002,-30.15,-9.15,-2.05624731925279
-57.599998,-30.299999,-9.3,-2.05505957212955
-56.25,-29.85,-8.85,-2.05867523010269
-56.400002,-30.299999,-9.6,-2.06378558875378
-56.400002,-30.299999,-9.6,-2.06378558875378
-56.400002,-30.299999,-9.6,-2.06378558875378
-56.400002,-30.299999,-9.6,-2.06378558875378
-56.400002,-30.299999,-9.6,-2.06378558875378
-56.400002,-30.299999,-9.6,-2.06378558875378
-56.099998,-30,-9.3,-2.06186323745991
-56.25,-29.85,-9.75,-2.05867523010269
-56.549999,-30.15,-9.45,-2.0606159762382
-57,-30.6,-9.6,-2.06348141496835
-57,-30.299999,-9.6,-2.05938677308075
-57.150002,-29.549999,-10.65,-2.04799886474706
-57.150002,-29.549999,-10.65,-2.04799886474706
-57.150002,-29.549999,-10.65,-2.04799886474706
-57.150002,-29.549999,-10.65,-2.04799886474706
-57.150002,-29.549999,-10.65,-2.04799886474706
-57.150002,-29.549999,-10.65,-2.04799886474706
-57,-30.9,-9.6,-2.06755812070213
-57.450001,-30.75,-9.75,-2.06224315045998
-57.900002,-29.4,-9.9,-2.0406421895815
-56.700001,-30.6,-9.3,-2.0656837618547
-55.950001,-29.25,-10.65,-2.05250785077039
-56.25,-30.450001,-9.45,-2.0669613398517
-56.25,-30.450001,-9.45,-2.0669613398517
-56.25,-30.450001,-9.45,-2.0669613398517
-56.25,-30.450001,-9.45,-2.0669613398517
-56.25,-30.450001,-9.45,-2.0669613398517
-56.25,-30.450001,-9.45,-2.0669613398517
-56.700001,-30,-9.9,-2.0574524197862
-57.75,-30.450001,-8.85,-2.05602333291137
-58.5,-30.6,-10.2,-2.05273457875252
-57.299999,-30.6,-10.5,-2.06129699086363
-57.75,-30.450001,-10.65,-2.05602333291137
-57.150002,-30.15,-10.05,-2.05624731925279
-56.849998,-30.450001,-10.35,-2.06253230857172
-56.849998,-30.450001,-10.35,-2.06253230857172
-56.849998,-30.450001,-10.35,-2.06253230857172
-56.849998,-30.450001,-10.35,-2.06253230857172
-56.849998,-30.450001,-10.35,-2.06253230857172
-56.849998,-30.450001,-10.35,-2.06253230857172
-56.700001,-30.299999,-11.4,-2.06157712893005
-56.700001,-29.1,-10.2,-2.04496985566294
-56.700001,-30.6,-10.5,-2.0656837618547
-57.150002,-28.950001,-9.45,-2.03967948986937
-56.849998,-30.15,-10.05,-2.05842266950139
-56.099998,-30,-11.1,-2.06186323745991
-56.099998,-30,-11.1,-2.06186323745991
-56.099998,-30,-11.1,-2.06186323745991
-56.099998,-30,-11.1,-2.06186323745991
-56.099998,-30,-11.1,-2.06186323745991
-56.099998,-30,-11.1,-2.06186323745991
-57.75,-30.15,-9.45,-2.05194987129565
-56.849998,-30.75,-9.75,-2.06662390750778
-57.150002,-29.85,-10.65,-2.05213198287826
-56.849998,-29.85,-9.15,-2.05429505182384
-56.400002,-29.700001,-9.6,-2.05549345719439
-57.75,-30.75,-10.35,-2.06007934431738
-57.75,-30.75,-10.35,-2.06007934431738
-57.75,-30.75,-10.35,-2.06007934431738
-57.75,-30.75,-10.35,-2.06007934431738
-57.75,-30.75,-10.35,-2.06007934431738
-57.75,-30.75,-10.35,-2.06007934431738
-57.75,-30.75,-10.35,-2.06007934431738
-57.900002,-30.299999,-10.2,-2.05292229741898
-57.599998,-30,-10.5,-2.05097137062398
-56.700001,-30.6,-9,-2.0656837618547
-57.450001,-30.450001,-10.35,-2.05817529630625
-56.099998,-30.6,-10.5,-2.07014306346191
-57.75,-31.049999,-9.45,-2.06411791167615
-57,-30.299999,-11.4,-2.05938677308075
-57,-30.299999,-11.4,-2.05938677308075
-57,-30.299999,-11.4,-2.05938677308075
-57,-30.299999,-11.4,-2.05938677308075
-57,-30.299999,-11.4,-2.05938677308075
-57,-30.299999,-11.4,-2.05938677308075
-58.650002,-31.049999,-10.65,-2.05769553118744
-58.349998,-30.15,-10.35,-2.04772202535421
-58.049999,-30.15,-10.35,-2.04982734462262
-58.799999,-30.6,-9.6,-2.05063685927758
-59.25,-29.549999,-10.05,-2.03343075140067
-58.5,-29.700001,-10.8,-2.04057884174451
-58.799999,-30.299999,-9.9,-2.04661371384562
-58.950001,-31.049999,-10.05,-2.05558879987605
-58.950001,-31.049999,-10.05,-2.05558879987605
-58.950001,-31.049999,-10.05,-2.05558879987605
-58.950001,-31.049999,-10.05,-2.05558879987605
-58.950001,-31.049999,-10.05,-2.05558879987605
-58.950001,-31.049999,-10.05,-2.05558879987605
-58.799999,-31.200001,-10.2,-2.05863278576653
-59.25,-31.950001,-9.15,-2.0653413911797
-59.549999,-29.25,-10.35,-2.02736620420747
-58.799999,-30,-9.6,-2.04257384486042
-59.849998,-30.15,-10.35,-2.03744694319842
-59.549999,-29.85,-10.35,-2.03545099152787
-59.700001,-30.6,-9.9,-2.04444359568305
-59.700001,-30.6,-9.9,-2.04444359568305
-59.700001,-30.6,-9.9,-2.04444359568305
-59.700001,-30.6,-9.9,-2.04444359568305
-59.700001,-30.6,-9.9,-2.04444359568305
-59.700001,-30.6,-9.9,-2.04444359568305
-59.700001,-30.6,-9.9,-2.04444359568305
-61.950001,-31.049999,-10.35,-2.03541197033703
-61.799999,-30.9,-9.9,-2.03444394226819
-61.650002,-30.450001,-9.45,-2.02956592586494
-62.25,-31.049999,-10.65,-2.03347960307653
-61.799999,-31.5,-9.6,-2.04218073187664
-61.950001,-31.35,-9.15,-2.03927480958637
-62.549999,-30.75,-11.55,-2.02770679670506
-63,-30.6,-9.6,-2.02295018908067
-62.099998,-31.200001,-10.2,-2.03637446110519
-62.400002,-30,-9.9,-2.01894128935442
-62.400002,-30,-9.9,-2.01894128935442
-62.400002,-30,-9.9,-2.01894128935442
-62.400002,-30,-9.9,-2.01894128935442
-62.400002,-30,-9.9,-2.01894128935442
-62.400002,-30,-9.9,-2.01894128935442
-62.400002,-30,-9.9,-2.01894128935442
-63.150002,-30.75,-10.05,-2.02393810165019
-63.150002,-29.25,-8.85,-2.00455889903242
-62.849998,-30.450001,-8.85,-2.02195661795967
-62.849998,-30.450001,-8.85,-2.02195661795967
-63.900002,-31.200001,-9.6,-2.02501025368634
-64.800003,-30.6,-9.6,-2.01197578933396
-63.450001,-30.15,-9.75,-2.01438931210194
-63.450001,-29.549999,-9.15,-2.00664666819592
-63.450001,-29.549999,-9.15,-2.00664666819592
-63.450001,-29.549999,-9.15,-2.00664666819592
-63.450001,-29.549999,-9.15,-2.00664666819592
-63.450001,-29.549999,-9.15,-2.00664666819592
-63.450001,-29.549999,-9.15,-2.00664666819592
-64.650002,-28.950001,-10.65,-1.99181574826885
-63.450001,-30.450001,-9.45,-2.01823945057151
-64.5,-29.700001,-9,-2.0023188985102
-63.75,-29.25,-10.35,-2.00096362814566
-63.599998,-29.4,-10.5,-2.00380220039574
-65.550003,-31.65,-8.85,-2.02061991375362
-65.550003,-29.549999,-9.45,-1.99431606529405
-65.550003,-29.549999,-9.45,-1.99431606529405
-65.550003,-29.549999,-9.45,-1.99431606529405
-65.550003,-29.549999,-9.45,-1.99431606529405
-65.550003,-29.549999,-9.45,-1.99431606529405
-65.550003,-29.549999,-9.45,-1.99431606529405
-65.550003,-29.549999,-9.45,-1.99431606529405
-65.550003,-29.549999,-9.45,-1.99431606529405
-66.900002,-30.6,-9.6,-1.99978627468745
-67.349998,-30.75,-9.75,-1.99910055659867
-67.199997,-29.700001,-10.2,-1.9869477198081
-66.150002,-29.549999,-9.75,-1.99091257896233
-65.849998,-30.450001,-8.85,-2.0039261479819
-67.5,-29.700001,-10.5,-1.98530321379156
-67.800003,-30.299999,-9.9,-1.99107148608415
-67.800003,-30.299999,-9.9,-1.99107148608415
-67.800003,-30.299999,-9.9,-1.99107148608415
-67.800003,-30.299999,-9.9,-1.99107148608415
-67.800003,-30.299999,-9.9,-1.99107148608415
-67.800003,-30.299999,-9.9,-1.99107148608415
-68.25,-30.15,-9.45,-1.98677530395239
-67.349998,-29.85,-10.65,-1.98798696916927
-67.349998,-30.15,-10.35,-1.99170383954388
-69.449997,-30.450001,-9.45,-1.98399963796036
-67.349998,-30.450001,-10.35,-1.99540839432875
-67.650002,-28.950001,-9.75,-1.97515278302602
-68.099998,-30.9,-10.2,-1.99675982044586
-67.5,-29.700001,-10.5,-1.98530321379156
-67.949997,-28.950001,-9.45,-1.97355481135903
-67.650002,-29.549999,-10.05,-1.98262501163383
-67.800003,-30,-10.2,-1.98737725610665
-67.800003,-30,-10.2,-1.98737725610665
-67.800003,-30,-10.2,-1.98737725610665
-67.800003,-30,-10.2,-1.98737725610665
-67.800003,-30,-10.2,-1.98737725610665
-67.800003,-30,-10.2,-1.98737725610665
-67.800003,-30,-10.2,-1.98737725610665
-67.800003,-30,-10.2,-1.98737725610665
-67.800003,-30,-10.2,-1.98737725610665
-69,-29.4,-10.2,-1.97358727583454
-68.25,-30.15,-10.35,-1.98677530395239
-70.199997,-30.6,-10.2,-1.98186088983854
-67.199997,-30.6,-10.2,-1.99809633161392
-67.650002,-29.549999,-10.35,-1.98262501163383
-69.75,-29.85,-8.85,-1.97516890232705
-70.5,-29.4,-10.2,-1.96588956128909
-68.849998,-29.85,-9.75,-1.97988757406049
-69.300003,-29.700001,-10.5,-1.97568810959687
-69.449997,-29.549999,-10.05,-1.97307851903398
-69.449997,-29.549999,-10.05,-1.97307851903398
-69.449997,-29.549999,-10.05,-1.97307851903398
-69.449997,-29.549999,-10.05,-1.97307851903398
-69.449997,-29.549999,-10.05,-1.97307851903398
-69.449997,-29.549999,-10.05,-1.97307851903398
-69.449997,-29.549999,-10.05,-1.97307851903398
-69.449997,-29.549999,-10.05,-1.97307851903398
-69.449997,-29.549999,-10.05,-1.97307851903398
-69.449997,-29.549999,-10.05,-1.97307851903398
-73.800003,-29.4,-10.8,-1.94990016630666
-73.050003,-29.25,-9.45,-1.95165667202154
-72.75,-28.65,-11.85,-1.94595897137347
-72.900002,-28.799999,-10.5,-1.94703831619152
-72,-28.799999,-11.4,-1.95130269193408
-73.050003,-30.450001,-10.05,-1.96573323741944
-72.900002,-29.1,-10.2,-1.9505929713723
-73.949997,-28.950001,-10.95,-1.94393702606352
-72.599998,-29.700001,-9.9,-1.95911506642084
-73.5,-27.9,-10.8,-1.93358662704656
-73.650002,-30.15,-10.05,-1.95935292300032
-72.900002,-29.700001,-9.6,-1.95767204670457
-72.900002,-29.700001,-9.6,-1.95767204670457
-72.900002,-29.700001,-9.6,-1.95767204670457
-72.900002,-29.700001,-9.6,-1.95767204670457
-72.900002,-29.700001,-9.6,-1.95767204670457
-72.900002,-29.700001,-9.6,-1.95767204670457
-72.900002,-29.700001,-9.6,-1.95767204670457
-72.900002,-29.700001,-9.6,-1.95767204670457
-72.900002,-29.700001,-9.6,-1.95767204670457
-72.900002,-29.700001,-9.6,-1.95767204670457
-72.900002,-29.700001,-9.6,-1.95767204670457
-72.900002,-29.700001,-9.6,-1.95767204670457
-72.900002,-29.700001,-9.6,-1.95767204670457
-72.900002,-29.700001,-9.6,-1.95767204670457
-72.900002,-29.700001,-9.6,-1.95767204670457
-72.900002,-29.700001,-9.6,-1.95767204670457
-72.900002,-29.700001,-9.6,-1.95767204670457
-72.900002,-29.700001,-9.6,-1.95767204670457
-72.900002,-29.700001,-9.6,-1.95767204670457
-72.900002,-29.700001,-9.6,-1.95767204670457
-72.900002,-29.700001,-9.6,-1.95767204670457
-72.900002,-29.700001,-9.6,-1.95767204670457
-72.900002,-29.700001,-9.6,-1.95767204670457
-72.900002,-29.700001,-9.6,-1.95767204670457
-72.900002,-29.700001,-9.6,-1.95767204670457
-75.300003,-28.200001,-10.8,-1.92913031443208
-76.199997,-27.6,-11.4,-1.91830232152191
-77.25,-27.75,-10.65,-1.91566414957583
-75.900002,-27.299999,-9.6,-1.91607193211866
-76.5,-27.6,-10.8,-1.91704606247822
-77.400002,-26.700001,-11.4,-1.90297524368897
-76.800003,-28.5,-10.2,-1.92613793646982
-76.800003,-26.1,-11.4,-1.89839475584474
-78.599998,-27.6,-11.1,-1.90849086826234
-77.400002,-26.700001,-11.4,-1.90297524368897
-78,-27.6,-12.3,-1.91089344630466
-78,-26.4,-12.6,-1.89715514350166
-78,-27.299999,-11.4,-1.90747113476023
-78.900002,-25.799999,-11.1,-1.88683263873419
-78,-26.4,-10.5,-1.89715514350166
-78.599998,-26.1,-12,-1.89140141393051
-78.449997,-27.15,-11.25,-1.90397496690751
-78.449997,-27.15,-11.25,-1.90397496690751
-78.449997,-27.15,-11.25,-1.90397496690751
-78.449997,-27.15,-11.25,-1.90397496690751
-78.449997,-27.15,-11.25,-1.90397496690751
-78.449997,-27.15,-11.25,-1.90397496690751
-78.449997,-27.15,-11.25,-1.90397496690751
-79.199997,-25.799999,-11.1,-1.88571327432237
-80.25,-25.35,-11.55,-1.87676465163899
-80.099998,-26.1,-10.8,-1.88579023461075
-79.800003,-26.700001,-9.9,-1.89367427638742
-80.25,-25.950001,-11.85,-1.88354826022945
-80.25,-26.85,-11.85,-1.89366795695506
-82.5,-24.9,-10.2,-1.86392034213548
-81.150002,-26.25,-11.55,-1.88364833243779
-81.150002,-26.25,-11.55,-1.88364833243779
-81.150002,-26.25,-11.55,-1.88364833243779
-81.150002,-26.25,-11.55,-1.88364833243779
-81.150002,-26.25,-11.55,-1.88364833243779
-81.150002,-26.25,-11.55,-1.88364833243779
-81.150002,-26.25,-11.55,-1.88364833243779
-81.150002,-26.25,-11.55,-1.88364833243779
-81.150002,-26.25,-11.55,-1.88364833243779
-85.050003,-21.15,-10.05,-1.81452965229225
-86.25,-22.65,-9.15,-1.82760634318103
-85.050003,-19.950001,-9.45,-1.80119876615586
-87,-20.1,-9,-1.79784700058005
-85.5,-20.700001,-10.8,-1.80833096973882
-85.800003,-19.5,-9.6,-1.79427292037924
-85.949997,-19.950001,-10.35,-1.79886940287633
-86.25,-19.65,-9.45,-1.79479904588774
-86.25,-19.950001,-8.85,-1.79810318682648
-87.75,-18.450001,-9.75,-1.77803409942984
-88.349998,-16.65,-9.75,-1.75706669532541
-86.849998,-17.549999,-9.45,-1.77018390929079
-89.099998,-16.799999,-9.3,-1.75716052985237
-88.349998,-16.049999,-8.85,-1.75050040978129
-88.349998,-16.049999,-8.85,-1.75050040978129
-88.349998,-16.049999,-8.85,-1.75050040978129
-88.349998,-16.049999,-8.85,-1.75050040978129
-88.349998,-16.049999,-8.85,-1.75050040978129
-88.349998,-16.049999,-8.85,-1.75050040978129
-88.349998,-16.049999,-8.85,-1.75050040978129
-88.349998,-16.049999,-8.85,-1.75050040978129
-88.349998,-16.049999,-8.85,-1.75050040978129
-88.349998,-16.049999,-8.85,-1.75050040978129
-88.349998,-16.049999,-8.85,-1.75050040978129
-91.349998,-11.55,-7.95,-1.69656575028005
-92.400002,-9.9,-8.4,-1.67753199715124
-92.699997,-10.8,-7.2,-1.68677831499511
-91.199997,-10.2,-8.4,-1.68217557313754
-90.599998,-10.2,-7.2,-1.68290703777149
-92.550003,-8.55,-8.55,-1.66291734382648
-91.949997,-9.15,-8.85,-1.66998040815666
-91.949997,-9.15,-8.85,-1.66998040815666
-91.949997,-9.15,-8.85,-1.66998040815666
-91.949997,-9.15,-8.85,-1.66998040815666
-91.650002,-6.75,-8.85,-1.64431334563695
-92.550003,-7.05,-7.65,-1.64682453701602
-92.099998,-7.2,-7.5,-1.64881354912068
-91.5,-6.6,-6.9,-1.64280276630326
-91.5,-6.6,-6.9,-1.64280276630326
-91.5,-6.6,-6.9,-1.64280276630326
-91.5,-6.6,-6.9,-1.64280276630326
-91.5,-6.6,-6.9,-1.64280276630326
-91.5,-6.6,-6.9,-1.64280276630326
-93.449997,-3.75,-7.35,-1.61090322033185
-93.449997,-3.45,-7.65,-1.60769770721082
-93.599998,-4.5,-8.1,-1.61883626066757
-93.150002,-4.95,-7.35,-1.62388648661611
-93.900002,-4.5,-6.9,-1.61868301131496
-94.349998,-4.65,-8.25,-1.62004106100474
-93.300003,-3.6,-7.2,-1.60936240285743
-93.900002,-2.7,-7.8,-1.59954239919664
-93.300003,-3,-8.4,-1.60293959199211
-93.300003,-3,-8.4,-1.60293959199211
-93.300003,-3,-8.4,-1.60293959199211
-93.300003,-3,-8.4,-1.60293959199211
-93.300003,-3,-8.4,-1.60293959199211
-93.300003,-3,-8.4,-1.60293959199211
-93.300003,-3,-8.4,-1.60293959199211
-93.300003,-3,-8.4,-1.60293959199211
-93.300003,-3,-8.4,-1.60293959199211
-94.800003,-0.9,-7.2,-1.58028971217515
-94.199997,-1.8,-7.8,-1.58990228252166
-94.349998,-0.75,-7.65,-1.57874528513455
-93.150002,-1.05,-7.35,-1.58206799087902
-93.900002,-1.2,-6.6,-1.58357518360063
-94.5,-0.3,-7.5,-1.5739709193049
-94.800003,1.2,-7.5,-1.55813877536136
-92.550003,-1.05,-8.55,-1.58214105850263
-93.449997,0.45,-7.05,-1.56598095455017
-94.050003,-0.15,-7.05,-1.57239122172345
-94.349998,1.35,-7.35,-1.55648887675832
-94.349998,1.35,-7.35,-1.55648887675832
-94.349998,1.35,-7.35,-1.55648887675832
-94.349998,1.35,-7.35,-1.55648887675832
-94.349998,1.35,-7.35,-1.55648887675832
-94.349998,1.35,-7.35,-1.55648887675832
-94.349998,1.35,-7.35,-1.55648887675832
-94.349998,1.35,-7.35,-1.55648887675832
-94.349998,1.35,-7.35,-1.55648887675832
-94.650002,2.85,-7.95,-1.54069448767066
-94.800003,1.5,-7.8,-1.55497486275392
-93,4.2,-7.5,-1.52566570174015
-94.5,4.2,-6.9,-1.52638111154799
-95.099998,3.9,-7.5,-1.52980982862019
-94.650002,3.45,-7.35,-1.5343623780943
-94.5,3.6,-7.8,-1.53271950120509
-94.650002,4.65,-7.05,-1.52170742837193
-94.650002,4.65,-7.05,-1.52170742837193
-94.650002,4.65,-7.05,-1.52170742837193
-94.650002,4.65,-7.05,-1.52170742837193
-94.650002,4.65,-7.05,-1.52170742837193
-94.650002,4.65,-7.05,-1.52170742837193
-94.650002,4.65,-7.05,-1.52170742837193
-93.900002,7.2,-5.7,-1.49426875671388
-95.400002,6.9,-6.6,-1.49859500900746
-94.800003,3.9,-7.5,-1.52968027257508
-94.650002,5.85,-6.75,-1.50906819386583
-94.199997,6.3,-6.9,-1.5040167890988
-94.5,5.4,-7.2,-1.51371554438863
-94.349998,6.45,-7.05,-1.50254004332375
-95.099998,6.9,-7.5,-1.49836803603392
-94.650002,7.95,-7.95,-1.48699935905792
-93.900002,6.6,-6.9,-1.50062419452832
-93.900002,7.5,-6.9,-1.4910933268994
-93.900002,7.5,-6.9,-1.4910933268994
-93.900002,7.5,-6.9,-1.4910933268994
-93.900002,7.5,-6.9,-1.4910933268994
-93.900002,7.5,-6.9,-1.4910933268994
-93.900002,7.5,-6.9,-1.4910933268994
-93.900002,7.5,-6.9,-1.4910933268994
-94.949997,8.85,-6.9,-1.47785788749907
-93.150002,9.15,-7.05,-1.47288178079672
-94.800003,9,-7.2,-1.47614330920331
-95.699997,9,-6.3,-1.47702822401965
-94.650002,8.85,-7.35,-1.47756501864897
-94.199997,8.7,-6.6,-1.47870089359264
-93.599998,9,-6.3,-1.47493717764914
-95.550003,7.65,-6.75,-1.49090394887155
-94.800003,9,-6.3,-1.47614330920331
-95.400002,9,-6.6,-1.47673509412723
-94.800003,9.6,-7.2,-1.46987454529969
-94.349998,9.45,-6.75,-1.47097026625304
-94.349998,9.45,-6.75,-1.47097026625304
-94.349998,9.45,-6.75,-1.47097026625304
-94.349998,9.45,-6.75,-1.47097026625304
-94.349998,9.45,-6.75,-1.47097026625304
-94.349998,9.45,-6.75,-1.47097026625304
-94.349998,9.45,-6.75,-1.47097026625304
-94.349998,9.45,-6.75,-1.47097026625304
-94.349998,9.45,-6.75,-1.47097026625304
-94.349998,9.45,-6.75,-1.47097026625304
-93.900002,9.9,-6.6,-1.46575308395085
-94.949997,10.95,-7.35,-1.45597968060508
-94.050003,10.95,-7.05,-1.45489073200296
-94.5,9.9,-7.2,-1.46641517384457
-93.449997,10.65,-7.05,-1.4573212158433
-94.050003,12.15,-6.45,-1.44232128898397
-94.5,11.1,-6,-1.45387177821048
-93.900002,10.8,-6.3,-1.45628353653742
-94.5,11.7,-5.7,-1.44761366465362
-93.900002,12.3,-6.6,-1.44054749361081
-93.300003,12.6,-6.6,-1.43656023518468
-93.300003,12.6,-6.6,-1.43656023518468
-93.300003,12.6,-6.6,-1.43656023518468
-93.300003,12.6,-6.6,-1.43656023518468
-93.300003,12.6,-6.6,-1.43656023518468
-93.300003,12.6,-6.6,-1.43656023518468
-93.300003,12.6,-6.6,-1.43656023518468
-93.300003,12.6,-6.6,-1.43656023518468
-93.300003,12.6,-6.6,-1.43656023518468
-93.300003,12.6,-6.6,-1.43656023518468
-93.300003,12.6,-6.6,-1.43656023518468
-93.150002,16.65,-6.75,-1.39392027832432
-93.75,15.15,-6.15,-1.41058139278065
-93,15.9,-6.9,-1.40146576053303
-92.699997,15.9,-7.2,-1.400928224386
-92.550003,16.35,-6.45,-1.39593922209931
-92.400002,16.799999,-6.9,-1.39094284128813
-93.150002,16.35,-6.75,-1.39704291104445
-93.599998,17.1,-6.6,-1.39009679973801
-91.800003,17.700001,-6.9,-1.38032324476405
-91.800003,17.700001,-6.9,-1.38032324476405
-91.800003,17.700001,-6.9,-1.38032324476405
-91.800003,17.700001,-6.9,-1.38032324476405
-91.800003,17.700001,-6.9,-1.38032324476405
-91.800003,17.700001,-6.9,-1.38032324476405
-91.650002,18.75,-6.15,-1.3689982839499
-91.650002,20.25,-6.75,-1.35334076679124
-91.650002,18.75,-7.05,-1.3689982839499
-90.900002,20.700001,-6.6,-1.3468918209692
-91.949997,19.65,-6.45,-1.36026008991073
-92.550003,19.950001,-7.05,-1.35848577242182
-89.849998,21.15,-7.35,-1.33961260541164
-90.150002,22.049999,-7.35,-1.33091367590944
-90.150002,22.049999,-7.35,-1.33091367590944
-90.150002,22.049999,-7.35,-1.33091367590944
-90.150002,22.049999,-7.35,-1.33091367590944
-90.150002,22.049999,-7.35,-1.33091367590944
-90.150002,22.049999,-7.35,-1.33091367590944
-90.150002,22.049999,-7.35,-1.33091367590944
-90.150002,22.049999,-7.35,-1.33091367590944
-89.400002,23.1,-7.8,-1.31793761154951
-90,23.4,-7.2,-1.31642826824163
-89.699997,23.1,-6.9,-1.31874785979078
-89.099998,24.6,-7.5,-1.3014130552473
-88.949997,25.049999,-7.35,-1.29628706373943
-88.050003,25.35,-6.45,-1.29047284331731
-89.25,24.15,-6.75,-1.30653630688157
-88.349998,26.85,-7.65,-1.27576088873647
-87.75,25.35,-7.05,-1.2895641248766
-87.75,25.35,-7.05,-1.2895641248766
-87.75,25.35,-7.05,-1.2895641248766
-87.75,25.35,-7.05,-1.2895641248766
-87.75,25.35,-7.05,-1.2895641248766
-87.75,25.35,-7.05,-1.2895641248766
-87.75,25.35,-7.05,-1.2895641248766
-87.75,25.35,-7.05,-1.2895641248766
-87.75,25.35,-7.05,-1.2895641248766
-87.75,25.35,-7.05,-1.2895641248766
-87.75,25.35,-7.05,-1.2895641248766
-85.800003,27.299999,-6.9,-1.26274356645713
-85.949997,27.450001,-7.95,-1.26166337861784
-87.150002,28.049999,-7.35,-1.25940811287888
-87.75,27.75,-6.45,-1.26450845745784
-85.949997,28.35,-7.05,-1.25219040573751
-84.449997,28.65,-7.35,-1.24372666281899
-85.650002,28.950001,-6.75,-1.24484852187765
-84.599998,27.299999,-7.8,-1.25865060355866
-84.900002,29.1,-7.2,-1.24058932158857
-84.599998,29.1,-7.2,-1.23950204640932
-86.550003,28.35,-7.35,-1.25425406889095
-85.650002,29.85,-6.15,-1.2354482913779
-85.650002,29.85,-6.15,-1.2354482913779
-85.650002,29.85,-6.15,-1.2354482913779
-85.650002,29.85,-6.15,-1.2354482913779
-83.849998,29.25,-6.75,-1.23515776904944
-85.5,29.700001,-7.2,-1.23646780894939
-84.900002,29.4,-6,-1.23743067374462
-85.199997,29.85,-7.05,-1.23380784474101
-84.599998,28.799999,-6.6,-1.24267643516025
-84.900002,29.1,-7.5,-1.24058932158857
-84.900002,29.1,-7.5,-1.24058932158857
-84.900002,29.1,-7.5,-1.24058932158857
-84.900002,29.1,-7.5,-1.24058932158857
-84.75,29.85,-6.45,-1.23215192041749
-84.150002,28.950001,-5.25,-1.23945118077875
-83.699997,29.4,-6.9,-1.23300435654457
-84.150002,30.15,-7.65,-1.22675647825279
-84.150002,30.15,-7.65,-1.22675647825279
-84.150002,30.15,-7.65,-1.22675647825279
-82.949997,31.35,-6.15,-1.20945190247429
-83.099998,30,-5.7,-1.22434617007494
-82.800003,31.200001,-7.2,-1.21043835764954
-83.699997,30.6,-7.2,-1.22029968782585
-83.699997,30.6,-7.2,-1.22029968782585
-83.699997,30.6,-7.2,-1.22029968782585
-82.349998,32.849998,-6.75,-1.19123246906664
-81.900002,33.299999,-7.8,-1.18461895197097
-81.150002,31.65,-6.15,-1.19892421739339
-80.400002,31.799999,-7.5,-1.19415592906728
-80.400002,31.799999,-7.5,-1.19415592906728
-80.400002,31.799999,-7.5,-1.19415592906728
-80.400002,31.799999,-7.5,-1.19415592906728
-79.800003,32.700001,-6.9,-1.18189221674038
-79.650002,32.849998,-8.25,-1.17962113165036
-79.650002,32.549999,-6.75,-1.18284433149423
-80.099998,34.799999,-7.2,-1.16094292270062
-80.099998,34.799999,-7.2,-1.16094292270062
-80.099998,34.799999,-7.2,-1.16094292270062
-80.099998,34.799999,-7.2,-1.16094292270062
-78.449997,33.150002,-6.15,-1.17099234285665
-78.150002,32.849998,-7.35,-1.17287471874495
-79.349998,34.349998,-7.65,-1.16225992176065
-78.150002,32.849998,-6.45,-1.17287471874495
-78.150002,32.849998,-6.45,-1.17287471874495
-78.150002,32.849998,-6.45,-1.17287471874495
-77.849998,34.650002,-8.25,-1.15203577325114
-78.300003,33.900002,-8.1,-1.16221110562666
-75.300003,34.5,-7.8,-1.14117125581466
-77.849998,35.25,-6.45,-1.14562146680466
-77.099998,34.799999,-8.1,-1.14681044876537
-77.099998,34.799999,-8.1,-1.14681044876537
-77.099998,34.799999,-8.1,-1.14681044876537
-76.050003,36.150002,-7.35,-1.12706639606921
-75.900002,34.799999,-6.3,-1.14089797711523
-74.550003,35.849998,-6.45,-1.12255710593542
-75.449997,34.950001,-7.95,-1.13700261196161
-74.849998,34.950001,-6.15,-1.13394975130179
-74.849998,34.950001,-6.15,-1.13394975130179
-74.849998,34.950001,-6.15,-1.13394975130179
-74.099998,36,-7.2,-1.11854886475692
-74.25,36.150002,-6.75,-1.11770882336247
-73.949997,35.849998,-5.55,-1.11939300979281
-74.699997,36,-6.6,-1.12171077948023
-74.400002,35.400002,-6,-1.12669019243178
-74.400002,35.400002,-6,-1.12669019243178
-74.400002,35.400002,-6,-1.12669019243178
-73.349998,35.25,-6.45,-1.12281107017213
-74.550003,37.049999,-6.15,-1.10956614519839
-74.699997,36.900002,-7.2,-1.11197956061886
-75,35.849998,-6.75,-1.12490312880717
-75,36.900002,-6.3,-1.11356915384743
-75,36.900002,-6.3,-1.11356915384743
-75,36.900002,-6.3,-1.11356915384743
-73.050003,36.450001,-6.15,-1.10797041574253
-73.050003,36.450001,-7.05,-1.10797041574253
-73.349998,36.450001,-6.75,-1.10960569350727
-72.449997,37.349998,-5.55,-1.09480367089416
-72.449997,37.349998,-5.55,-1.09480367089416
-72.449997,37.349998,-5.55,-1.09480367089416
-72.449997,37.349998,-5.55,-1.09480367089416
-71.849998,38.549999,-5.85,-1.07835009676399
-71.699997,37.200001,-6,-1.09219963726326
-71.25,37.049999,-7.35,-1.09127704585007
-72.449997,37.049999,-6.45,-1.09808053513052
-72.449997,37.049999,-6.45,-1.09808053513052
-72.449997,37.049999,-6.45,-1.09808053513052
-72.449997,37.049999,-6.45,-1.09808053513052
-72.300003,38.099998,-6.3,-1.08580552837728
-71.400002,37.5,-6,-1.08718465993844
-71.25,37.950001,-6.15,-1.08138549736848
-71.400002,37.200001,-6.9,-1.09048359454298
-71.400002,37.200001,-6.9,-1.09048359454298
-71.400002,37.200001,-6.9,-1.09048359454298
-71.400002,37.200001,-6.9,-1.09048359454298
-70.650002,37.049999,-5.85,-1.08780716622815
-69.900002,38.099998,-4.8,-1.07175039106759
-70.349998,37.950001,-5.85,-1.07609235252028
-69.449997,37.349998,-6.45,-1.07737029324781
-69.449997,37.349998,-6.45,-1.07737029324781
-69.449997,37.349998,-6.45,-1.07737029324781
-68.550003,37.049999,-6.15,-1.07529045158991
-69,37.200001,-6.9,-1.07633654337504
-68.25,37.950001,-6.15,-1.06332467689981
-67.949997,37.349998,-6.45,-1.06820737866397
-69,37.5,-6,-1.0729739941779
-69,37.5,-6,-1.0729739941779
-69,37.5,-6,-1.0729739941779
-68.550003,37.650002,-6.15,-1.06854129771768
-68.099998,37.5,-5.7,-1.06744591837867
-68.550003,38.25,-6.15,-1.06184186691181
-67.349998,38.549999,-5.25,-1.05093095907543
-68.099998,38.099998,-6.9,-1.06071053718403
-68.099998,38.099998,-6.9,-1.06071053718403
-68.099998,38.099998,-6.9,-1.06071053718403
-68.099998,38.099998,-6.9,-1.06071053718403
-66.449997,37.950001,-5.55,-1.05189331328778
-66.150002,38.25,-7.05,-1.04653704888183
-65.699997,38.700001,-5.4,-1.03847378429367
-66.300003,36.599998,-6.3,-1.06639120174862
-65.25,37.650002,-6.15,-1.04745164667606
-65.25,37.650002,-6.15,-1.04745164667606
-65.25,37.650002,-6.15,-1.04745164667606
-65.25,37.650002,-6.15,-1.04745164667606
-63.900002,37.799999,-6.3,-1.0366137771977
-63.299999,37.799999,-6.6,-1.03247033827567
-62.700001,37.5,-6.6,-1.03178528332292
-63,38.099998,-6,-1.02688280389002
-63,38.099998,-6,-1.02688280389002
-63,38.099998,-6,-1.02688280389002
-63,38.099998,-6,-1.02688280389002
-59.700001,37.799999,-6,-1.00634651267297
-59.549999,37.5,-6.6,-1.0088079522364
-57.900002,37.200001,-7.2,-0.999720767673203
-57.900002,37.200001,-7.2,-0.999720767673203
-57.900002,37.200001,-7.2,-0.999720767673203
-58.5,36.900002,-6,-1.00805907957658
-57.599998,36.900002,-6.9,-1.00103983292187
-57.299999,36.299999,-6.3,-1.00610238918004
-57.900002,36,-5.7,-1.01452911226495
-57.900002,36,-5.7,-1.01452911226495
-57.900002,36,-5.7,-1.01452911226495
-57.900002,36,-5.7,-1.01452911226495
-54.900002,36.299999,-6.9,-0.986586402006149
-55.5,36.299999,-6.3,-0.991576446048905
-55.049999,36.450001,-6.15,-0.985944290446014
-55.049999,36.450001,-6.15,-0.985944290446014
-55.049999,36.450001,-6.15,-0.985944290446014
-55.049999,36.450001,-6.15,-0.985944290446014
-52.5,36,-7.2,-0.969722572297147
-52.799999,34.799999,-6.3,-0.988056837046185
-52.049999,34.349998,-5.85,-0.987463487091248
-52.5,32.400002,-7.2,-1.01786702619261
-52.5,32.400002,-7.2,-1.01786702619261
-52.5,32.400002,-7.2,-1.01786702619261
-52.5,32.400002,-7.2,-1.01786702619261
-50.849998,33.450001,-6.15,-0.988945356856277
-50.849998,31.950001,-7.35,-1.00981414061726
-49.349998,33.75,-6.75,-0.970964054401231
-51,34.5,-7.5,-0.976037069311544
-50.25,32.549999,-7.05,-0.995996583680776
-50.25,32.549999,-7.05,-0.995996583680776
-50.25,32.549999,-7.05,-0.995996583680776
-50.25,32.549999,-7.05,-0.995996583680776
-48.900002,32.700001,-5.4,-0.98137930180166
-48.900002,31.200001,-6.9,-1.00287710987874
-48.150002,33.150002,-6.75,-0.967848208134351
-47.400002,32.400002,-7.5,-0.971200030725373
-46.950001,32.25,-6.45,-0.968915880581858
-46.200001,30.6,-6.6,-0.985796727188157
-46.200001,30.6,-6.6,-0.985796727188157
-46.200001,30.6,-6.6,-0.985796727188157
-46.200001,30.6,-6.6,-0.985796727188157
-46.200001,30.6,-6.6,-0.985796727188157
-46.200001,30.6,-6.6,-0.985796727188157
-45.150002,30.75,-7.65,-0.972893077268672
-46.200001,29.4,-6,-1.00406711907531
-46.349998,31.049999,-7.35,-0.980556585453755
-44.400002,29.700001,-7.5,-0.981236097365086
-44.849998,29.85,-7.65,-0.983565903297886
-45.299999,30,-6.9,-0.985856490644392
-44.25,29.549999,-6.15,-0.982011878206932
-44.25,29.549999,-6.15,-0.982011878206932
-44.25,29.549999,-6.15,-0.982011878206932
-44.25,29.549999,-6.15,-0.982011878206932
-44.25,29.549999,-6.15,-0.982011878206932
-44.25,29.549999,-6.15,-0.982011878206932
-43.049999,28.950001,-7.95,-0.97878409488754
-43.950001,27.15,-6.45,-1.01742935306878
-42.450001,27.450001,-6.45,-0.996784573977761
-42.150002,26.85,-8.55,-1.0036067256485
-42.599998,25.799999,-8.7,-1.02624461501041
-42.299999,25.5,-6.6,-1.02829348575226
-42.75,28.049999,-8.25,-0.990116635551294
-42.900002,27,-6.3,-1.00906027989487
-41.849998,26.549999,-6.45,-1.005459861451
-42.450001,26.25,-7.65,-1.01697557752479
-42.450001,26.25,-7.65,-1.01697557752479
-42.450001,26.25,-7.65,-1.01697557752479
-42.450001,26.25,-7.65,-1.01697557752479
-42.450001,26.25,-7.65,-1.01697557752479
-42.450001,26.25,-7.65,-1.01697557752479
-41.400002,27,-7.5,-0.992894411936983
-41.849998,27.450001,-7.35,-0.990274841810645
-41.25,24.75,-7.35,-1.03037682652431
-42.299999,26.4,-6.6,-1.01283475584851
-42.299999,26.4,-6.6,-1.01283475584851
-42.299999,26.4,-6.6,-1.01283475584851
-40.5,26.4,-6.3,-0.993120378529369
-40.950001,25.65,-7.35,-1.01120985592664
-41.549999,25.65,-7.05,-1.01773260028874
-41.549999,25.65,-7.05,-1.01773260028874
-41.549999,25.65,-7.05,-1.01773260028874
-41.700001,26.1,-7.8,-1.01155060991493
-41.099998,26.1,-7.2,-1.00501226655263
-41.25,27.75,-7.95,-0.978609647245254
-41.25,27.75,-7.95,-0.978609647245254
-41.25,27.75,-7.95,-0.978609647245254
-41.25,27.75,-7.95,-0.978609647245254
-40.200001,26.4,-7.2,-0.989714039411318
-41.549999,26.549999,-7.95,-1.00220057537806
-40.950001,25.65,-7.35,-1.01120985592664
-40.950001,25.65,-7.35,-1.01120985592664
-40.950001,25.65,-7.35,-1.01120985592664
-41.400002,25.200001,-7.5,-1.02400748973707
-39.599998,26.1,-6.6,-0.988056809338426
-40.049999,24.450001,-7.05,-1.02270150935441
-40.950001,24.75,-7.05,-1.02715104207208
-40.950001,24.75,-7.05,-1.02715104207208
-40.950001,24.75,-7.05,-1.02715104207208
-38.25,23.549999,-7.35,-1.01892259271766
-39.299999,21.9,-6.6,-1.06240247551985
-39.450001,22.35,-7.05,-1.05534327187464
-39.450001,22.35,-7.05,-1.05534327187464
-39.450001,22.35,-7.05,-1.05534327187464
-39.450001,22.35,-7.05,-1.05534327187464
-37.950001,19.35,-6.75,-1.09927487543335
-38.700001,21,-7.8,-1.07362470767709
-37.799999,21.6,-7.2,-1.05165020115236
-37.799999,21.6,-7.2,-1.05165020115236
-37.799999,21.6,-7.2,-1.05165020115236
-37.049999,21.450001,-6.75,-1.0460005232265
-36.75,19.35,-6.75,-1.08615018918082
-37.049999,18.450001,-7.35,-1.1087694295206
-37.799999,18.9,-7.5,-1.10714870721208
-37.799999,18.9,-7.5,-1.10714870721208
-37.799999,18.9,-7.5,-1.10714870721208
-36.599998,19.200001,-7.8,-1.0876706180717
-36.299999,19.799999,-6.3,-1.07144961476541
-37.049999,18.450001,-7.95,-1.1087694295206
-36.599998,19.200001,-7.5,-1.0876706180717
-36.599998,19.200001,-7.5,-1.0876706180717
-36.599998,19.200001,-7.5,-1.0876706180717
-36,16.5,-7.8,-1.14103404769821
-35.549999,16.950001,-7.95,-1.12588584352531
-36.450001,16.35,-7.95,-1.1491408352603
-36.450001,16.35,-7.95,-1.1491408352603
-36.450001,16.35,-7.95,-1.1491408352603
-36.450001,16.35,-7.95,-1.1491408352603
-37.349998,14.25,-7.65,-1.20631643414299
-35.700001,14.4,-7.2,-1.18739561147658
-34.200001,13.5,-6.9,-1.19483538290961
-35.849998,13.35,-6.75,-1.21432026481687
-35.849998,13.35,-6.75,-1.21432026481687
-35.849998,13.35,-6.75,-1.21432026481687
-35.849998,13.35,-6.75,-1.21432026481687
-35.849998,13.35,-6.75,-1.21432026481687
-35.849998,13.35,-6.75,-1.21432026481687
-35.849998,13.35,-6.75,-1.21432026481687
-35.849998,13.35,-6.75,-1.21432026481687
-35.849998,13.35,-6.75,-1.21432026481687
-35.849998,13.35,-6.75,-1.21432026481687
-35.849998,13.35,-6.75,-1.21432026481687
-35.849998,13.35,-6.75,-1.21432026481687
-35.849998,13.35,-6.75,-1.21432026481687
-34.349998,12.75,-8.55,-1.21537972174161
-34.5,11.7,-6.9,-1.24383748615918
-33.299999,12.6,-7.2,-1.20906707533531
-34.799999,11.7,-7.2,-1.24646179014112
-33.599998,11.1,-6.9,-1.2517267133933
-34.950001,10.35,-7.35,-1.28288702226947
-35.549999,10.35,-7.05,-1.2874883548698
-34.5,12.3,-7.2,-1.22832335050577
-33.450001,9.75,-7.35,-1.28717443157473
-33.450001,9.75,-7.35,-1.28717443157473
-33.450001,9.75,-7.35,-1.28717443157473
-33.450001,9.75,-7.35,-1.28717443157473
-33.450001,9.75,-7.35,-1.28717443157473
-33.450001,9.75,-7.35,-1.28717443157473
-33.450001,9.75,-7.35,-1.28717443157473
-34.349998,10.65,-8.55,-1.27015080123336
-33.299999,9.6,-7.2,-1.2901185429957
-32.549999,8.55,-7.05,-1.31392632475187
-33.150002,8.55,-6.45,-1.31837892067659
-34.349998,9.45,-7.35,-1.30232860906697
-34.049999,7.05,-7.95,-1.36663267494873
-34.049999,7.05,-7.95,-1.36663267494873
-34.049999,7.05,-7.95,-1.36663267494873
-34.049999,7.05,-7.95,-1.36663267494873
-34.049999,7.05,-7.95,-1.36663267494873
-33.299999,6.3,-7.2,-1.38381705139095
-33.75,6.15,-7.35,-1.39055174372161
-32.400002,6.3,-8.7,-1.37874832111963
-32.400002,6.3,-8.7,-1.37874832111963
-32.849998,5.85,-7.65,-1.39456161854935
-32.25,4.95,-6.75,-1.41849652652241
-32.25,4.95,-6.75,-1.41849652652241
-33.900002,5.7,-7.8,-1.40421293978225
-33.900002,3.9,-7.2,-1.45625563669683
-33.900002,3.9,-7.2,-1.45625563669683
-33.599998,3.6,-6.6,-1.46406064784059
-33.599998,3.6,-6.6,-1.46406064784059
-33.150002,3.45,-8.25,-1.4670972500331
-33.150002,3.45,-8.25,-1.4670972500331
-33.150002,3.45,-8.25,-1.4670972500331
-34.650002,4.35,-6.15,-1.44590857438174
-34.650002,4.35,-6.15,-1.44590857438174
-34.650002,4.35,-6.15,-1.44590857438174
-33.75,2.55,-7.65,-1.49538405399393
-33.900002,3,-7.2,-1.4825306939905
-33.900002,3,-7.2,-1.4825306939905
-33.900002,3,-7.2,-1.4825306939905
-32.700001,1.2,-7.5,-1.53411554015898
-32.700001,1.2,-7.5,-1.53411554015898
-32.700001,1.2,-7.5,-1.53411554015898
-33.75,-0.15,-7.35,-1.57524074197586
-33.450001,1.05,-8.25,-1.53941649710298
-33.450001,1.05,-8.25,-1.53941649710298
-32.849998,-0.15,-7.35,-1.57536250538338
-33.450001,0.15,-8.85,-1.56631205205414
-33.450001,0.15,-8.85,-1.56631205205414
-32.400002,-0.6,-7.8,-1.58931272772018
-33.450001,-0.15,-8.25,-1.57528060153566
-33.599998,-0.3,-7.5,-1.57972466150615
-33.450001,-1.65,-6.15,-1.62008373031667
-33.450001,-1.65,-6.15,-1.62008373031667
-32.400002,-1.5,-8.1,-1.61705958636757
-33.450001,-1.65,-7.95,-1.62008373031667
-33.450001,-1.65,-7.95,-1.62008373031667
-33,-1.8,-8.1,-1.62528778303563
-33.599998,-2.1,-7.8,-1.63321514049662
-32.700001,-1.8,-8.7,-1.62578670032477
-32.700001,-1.8,-8.7,-1.62578670032477
-32.700001,-2.7,-6.6,-1.65317825487865
-32.849998,-3.15,-7.95,-1.66639445124362
-34.049999,-2.85,-7.95,-1.65430212545386
-34.049999,-2.85,-7.95,-1.65430212545386
-33.900002,-3.9,-7.5,-1.68533701689296
-33.450001,-3.45,-7.35,-1.6735719347242
-34.5,-2.4,-8.7,-1.64024965279022
-34.5,-2.4,-8.7,-1.64024965279022
-33.599998,-4.5,-7.5,-1.70393266217801
-32.849998,-4.95,-7.65,-1.72035607563904
-32.849998,-4.95,-7.65,-1.72035607563904
-32.549999,-4.35,-7.95,-1.70364970434758
-34.349998,-4.05,-8.55,-1.68815843510706
-33.150002,-4.65,-8.85,-1.71015852428285
-33.150002,-4.65,-8.85,-1.71015852428285
-34.349998,-5.25,-7.65,-1.72246108921227
-33.900002,-4.8,-7.5,-1.71145421647094
-33.900002,-4.8,-7.5,-1.71145421647094
-33.900002,-4.8,-7.5,-1.71145421647094
-34.049999,-6.45,-6.75,-1.75800548713773
-34.049999,-6.45,-6.75,-1.75800548713773
-33.150002,-6.15,-6.45,-1.75423117729566
-34.650002,-7.65,-7.35,-1.78808974556682
-35.099998,-6.9,-7.8,-1.76490243560968
-33.900002,-6.3,-7.5,-1.75454084693599
-33.900002,-6.3,-7.5,-1.75454084693599
-34.349998,-6.15,-7.65,-1.7479585705981
-34.349998,-6.15,-7.65,-1.7479585705981
-34.799999,-7.5,-6.9,-1.78306682842913
-34.950001,-7.95,-6.75,-1.79445841608763
-34.950001,-7.95,-6.75,-1.79445841608763
-34.950001,-8.85,-8.85,-1.81880221907262
-34.950001,-9.15,-7.05,-1.82685207262879
-34.349998,-10.05,-7.05,-1.855428674466
-35.099998,-10.8,-6.9,-1.86929527439709
-35.099998,-10.8,-6.9,-1.86929527439709
-35.25,-11.55,-7.35,-1.88743183628741
-36,-11.7,-8.1,-1.88502822587924
-36.450001,-12.45,-8.25,-1.89993590088372
-36.450001,-12.45,-8.25,-1.89993590088372
-36.900002,-13.8,-6.6,-1.92867571392138
-37.5,-15.3,-6.3,-1.95818017456349
-37.200001,-15,-8.4,-1.95408046521709
-37.200001,-15,-8.4,-1.95408046521709
-36.450001,-14.25,-10.05,-1.94347367306917
-37.049999,-15.15,-9.15,-1.95895740031738
-37.650002,-13.65,-10.05,-1.91860731365212
-37.650002,-13.65,-10.05,-1.91860731365212
-36.75,-14.25,-10.05,-1.94070239425145
-37.650002,-15.15,-9.45,-1.95336170799553
-37.650002,-15.15,-9.45,-1.95336170799553
-37.650002,-15.15,-9.45,-1.95336170799553
-37.200001,-16.200001,-7.5,-1.9815133026656
-38.099998,-16.799999,-7.8,-1.98609454654842
-39.450001,-17.25,-8.25,-1.98300727774155
-38.700001,-18.299999,-9,-2.01250385210005
-38.700001,-18.299999,-9,-2.01250385210005
-38.700001,-18.299999,-9,-2.01250385210005
-38.700001,-18.299999,-9,-2.01250385210005
-39.150002,-17.549999,-8.55,-1.99221549334534
-39,-19.200001,-8.7,-2.02827119532977
-39.599998,-18.299999,-9,-2.00368440814882
-40.200001,-18.6,-8.7,-2.00415016639681
-40.200001,-18.6,-8.7,-2.00415016639681
-40.200001,-18.6,-8.7,-2.00415016639681
-40.200001,-18.6,-8.7,-2.00415016639681
-39.299999,-19.5,-9,-2.03138585148448
-41.549999,-20.25,-7.95,-2.02428464313799
-41.25,-19.049999,-7.35,-2.00343465650997
-41.25,-20.549999,-8.55,-2.03298831332591
-41.400002,-20.700001,-8.4,-2.0344439357957
-40.5,-21,-9,-2.04914875817355
-41.700001,-21.299999,-6.6,-2.04303968388838
-41.549999,-21.450001,-7.95,-2.04735572910444
-41.549999,-21.450001,-7.95,-2.04735572910444
-41.549999,-21.450001,-7.95,-2.04735572910444
-41.549999,-21.450001,-7.95,-2.04735572910444
-41.549999,-21.450001,-7.95,-2.04735572910444
-41.549999,-21.450001,-7.95,-2.04735572910444
-41.549999,-21.450001,-7.95,-2.04735572910444
-43.049999,-22.65,-8.25,-2.05513064914735
-43.200001,-24.299999,-8.7,-2.08318575963009
-43.349998,-23.549999,-8.25,-2.06844443480891
-43.349998,-24.450001,-7.65,-2.0843350604205
-43.950001,-22.950001,-7.95,-2.05203346974584
-43.950001,-22.950001,-7.95,-2.05203346974584
-43.950001,-22.950001,-7.95,-2.05203346974584
-43.950001,-22.950001,-7.95,-2.05203346974584
-44.549999,-24.75,-8.25,-2.07789484071649
-43.5,-24.299999,-7.5,-2.08023399068635
-44.400002,-24.299999,-8.1,-2.07156212191113
-44.400002,-24.299999,-8.1,-2.07156212191113
-44.400002,-24.299999,-8.1,-2.07156212191113
-44.400002,-24.299999,-8.1,-2.07156212191113
-45.75,-25.35,-7.95,-2.07678062552018
-46.049999,-25.35,-7.95,-2.0740145937601
-45.450001,-25.35,-8.25,-2.07957455149042
-46.5,-26.1,-7.8,-2.08226638803892
-46.5,-26.1,-7.8,-2.08226638803892
-46.5,-26.1,-7.8,-2.08226638803892
-46.5,-26.1,-7.8,-2.08226638803892
-45.75,-25.65,-7.5,-2.08178370047182
-46.799999,-27,-7.5,-2.09407465817585
-46.5,-27,-7.5,-2.09686274579166
-47.549999,-25.950001,-7.05,-2.07036406799424
-47.400002,-27.6,-7.5,-2.09808335546129
-47.400002,-27.6,-7.5,-2.09808335546129
-47.400002,-27.6,-7.5,-2.09808335546129
-47.549999,-27.15,-7.65,-2.08960266077954
-47.099998,-27.6,-8.1,-2.10084863926593
-48.900002,-27.9,-8.1,-2.08928148500031
-48.599998,-27.6,-6.9,-2.08727934916286
-49.049999,-26.549999,-7.35,-2.06692347735035
-49.049999,-26.549999,-7.35,-2.06692347735035
-49.049999,-26.549999,-7.35,-2.06692347735035
-49.049999,-26.549999,-7.35,-2.06692347735035
-49.049999,-26.549999,-7.35,-2.06692347735035
-48.900002,-28.799999,-7.2,-2.10305641025104
-50.099998,-29.1,-7.8,-2.09700720917789
-49.5,-30.299999,-8.4,-2.12008082836
-50.400002,-28.200001,-7.2,-2.08092206534782
-49.349998,-28.049999,-7.65,-2.08764811743402
-48.75,-28.049999,-7.65,-2.09291959182626
-48.75,-28.049999,-7.65,-2.09291959182626
-48.75,-28.049999,-7.65,-2.09291959182626
-48.75,-28.049999,-7.65,-2.09291959182626
-51.900002,-27.9,-7.5,-2.06404802458007
-52.200001,-29.700001,-6.9,-2.08808371336051
-51.75,-29.85,-7.95,-2.09399100191745
-51.900002,-29.1,-7.8,-2.08181252242275
-51.900002,-29.1,-7.8,-2.08181252242275
-51.900002,-29.1,-7.8,-2.08181252242275
-51.900002,-29.1,-7.8,-2.08181252242275
-52.650002,-29.549999,-7.05,-2.08223840255738
-52.799999,-30.6,-7.8,-2.09603993466563
-52.5,-29.1,-6.3,-2.07692395770587
-52.5,-29.1,-6.3,-2.07692395770587
-52.5,-29.1,-6.3,-2.07692395770587
-52.5,-29.1,-6.3,-2.07692395770587
-52.950001,-30.15,-7.05,-2.08841571654964
-53.700001,-29.700001,-7.2,-2.07599550461168
-53.549999,-31.049999,-7.65,-2.09625434413176
-54.450001,-31.049999,-6.15,-2.08905194756486
-53.849998,-29.85,-7.35,-2.076948325685
-53.849998,-29.85,-7.35,-2.076948325685
-53.849998,-29.85,-7.35,-2.076948325685
-53.849998,-29.85,-7.35,-2.076948325685
-53.849998,-29.85,-7.35,-2.076948325685
-54.900002,-29.700001,-6.3,-2.06669081707596
-55.200001,-31.200001,-6.9,-2.08524764582336
-54.299999,-29.700001,-6.6,-2.07130361146887
-56.700001,-30,-6.3,-2.0574524197862
-54.75,-30.15,-6.75,-2.07416524475035
-55.5,-30.299999,-7.2,-2.07052167902903
-55.5,-30.299999,-7.2,-2.07052167902903
-55.5,-30.299999,-7.2,-2.07052167902903
-55.5,-30.299999,-7.2,-2.07052167902903
-55.5,-30.299999,-7.2,-2.07052167902903
-55.5,-30.299999,-7.2,-2.07052167902903
-56.549999,-30.450001,-5.55,-2.06473771680485
-56.549999,-31.35,-6.45,-2.076993532035
-57.75,-30.450001,-7.35,-2.05602333291137
-57.599998,-30.9,-6.3,-2.06318346834673
-57.450001,-30.450001,-6.75,-2.05817529630625
-58.5,-31.5,-7.2,-2.06473769571448
-58.5,-31.5,-7.2,-2.06473769571448
-58.5,-31.5,-7.2,-2.06473769571448
-58.5,-31.5,-7.2,-2.06473769571448
-58.200001,-31.200001,-6.9,-2.06289155015742
-58.650002,-30.75,-6.45,-2.05369179772332
-57.299999,-30.6,-6.3,-2.06129699086363
-59.400002,-32.400002,-6.6,-2.07014306027026
-59.849998,-31.049999,-6.45,-2.04936820128071
-59.099998,-31.799999,-6.3,-2.06443494165168
-59.25,-31.950001,-7.05,-2.0653413911797
-59.25,-31.950001,-7.05,-2.0653413911797
-59.25,-31.950001,-7.05,-2.0653413911797
-59.25,-31.950001,-7.05,-2.0653413911797
-59.25,-31.950001,-7.05,-2.0653413911797
-59.25,-31.950001,-7.05,-2.0653413911797
-60.150002,-31.049999,-6.75,-2.04732723988349
-60,-33.299999,-6.6,-2.07747019002079
-60,-31.5,-6.9,-2.0542433283621
-60.150002,-32.549999,-6.15,-2.06681728566619
-61.200001,-32.099998,-6.6,-2.05385893934776
-58.650002,-32.549999,-5.85,-2.0774603988451
-58.650002,-32.549999,-5.85,-2.0774603988451
-58.650002,-32.549999,-5.85,-2.0774603988451
-58.650002,-32.549999,-5.85,-2.0774603988451
-58.650002,-32.549999,-5.85,-2.0774603988451
-58.650002,-32.549999,-5.85,-2.0774603988451
-60.75,-30.75,-6.45,-2.03937000432413
-60.900002,-31.5,-7.5,-2.04814169576734
-61.650002,-33.150002,-6.75,-2.06415715588925
-61.650002,-31.35,-5.55,-2.04123334309739
-62.25,-32.549999,-6.15,-2.05258901844248
-61.049999,-31.950001,-6.45,-2.05294233196326
-62.549999,-31.65,-7.05,-2.03922859471955
-62.549999,-31.65,-7.05,-2.03922859471955
-62.549999,-31.65,-7.05,-2.03922859471955
-62.549999,-31.65,-7.05,-2.03922859471955
-62.549999,-31.65,-7.05,-2.03922859471955
-62.25,-32.549999,-7.65,-2.05258901844248
-62.849998,-31.049999,-7.35,-2.02965928315973
-62.700001,-31.5,-8.7,-2.03635597295688
-61.349998,-30.75,-5.85,-2.03542146564993
-62.700001,-31.5,-6.9,-2.03635597295688
-62.700001,-32.400002,-6.6,-2.0477511537152
-61.799999,-32.099998,-6.6,-2.04985695448526
-62.549999,-31.049999,-6.75,-2.03156209293378
-62.549999,-31.049999,-6.75,-2.03156209293378
-62.549999,-31.049999,-6.75,-2.03156209293378
-62.549999,-31.049999,-6.75,-2.03156209293378
-62.549999,-31.049999,-6.75,-2.03156209293378
-62.549999,-31.049999,-6.75,-2.03156209293378
-62.549999,-31.049999,-6.75,-2.03156209293378
-62.700001,-32.099998,-6.6,-2.04396742564616
-63.450001,-32.25,-6.45,-2.04104138318852
-62.549999,-31.35,-6.45,-2.03540271467684
-62.849998,-31.049999,-7.65,-2.02965928315973
-61.799999,-30.299999,-6.6,-2.02664681620348
-62.549999,-30.75,-7.65,-2.02770679670506
-62.549999,-31.35,-6.15,-2.03540271467684
-61.950001,-31.65,-6.75,-2.04312259274786
-61.950001,-31.049999,-8.25,-2.03541197033703
-61.950001,-31.049999,-8.25,-2.03541197033703
-61.950001,-31.049999,-8.25,-2.03541197033703
-61.950001,-31.049999,-8.25,-2.03541197033703
-61.950001,-31.049999,-8.25,-2.03541197033703
-61.950001,-31.049999,-8.25,-2.03541197033703
-61.950001,-31.049999,-8.25,-2.03541197033703
-61.950001,-31.049999,-8.25,-2.03541197033703
-61.950001,-31.049999,-8.25,-2.03541197033703
-61.5,-31.5,-6.6,-2.04415236862981
-62.700001,-32.099998,-7.2,-2.04396742564616
-63.599998,-31.200001,-8.4,-2.02686834825211
-63,-31.799999,-7.2,-2.03824618619106
-62.549999,-31.65,-6.45,-2.03922859471955
-61.650002,-31.65,-7.05,-2.04509211647301
-63.299999,-31.5,-6.6,-2.03254641116739
-63,-32.400002,-6.6,-2.0458071081658
-61.950001,-31.65,-6.75,-2.04312259274786
-61.950001,-31.65,-6.75,-2.04312259274786
-61.950001,-31.65,-6.75,-2.04312259274786
-61.950001,-31.65,-6.75,-2.04312259274786
-61.950001,-31.65,-6.75,-2.04312259274786
-61.950001,-31.65,-6.75,-2.04312259274786
-61.950001,-31.65,-6.75,-2.04312259274786
-62.099998,-31.5,-6.6,-2.04022423123265
-63,-32.400002,-7.2,-2.0458071081658
-62.099998,-31.5,-7.2,-2.04022423123265
-63,-30.6,-7.5,-2.02295018908067
-62.25,-32.549999,-7.35,-2.05258901844248
-61.349998,-30.75,-7.05,-2.03542146564993
-62.25,-31.35,-7.35,-2.03733131949446
-63.450001,-31.049999,-6.75,-2.02589711642523
-63.450001,-31.049999,-6.75,-2.02589711642523
-63.450001,-31.049999,-6.75,-2.02589711642523
-63.450001,-31.049999,-6.75,-2.02589711642523
-63.450001,-31.049999,-6.75,-2.02589711642523
-63.450001,-31.049999,-6.75,-2.02589711642523
-63.150002,-31.950001,-7.35,-2.03918323665543
-61.950001,-31.950001,-5.85,-2.04695531990719
-62.849998,-31.65,-7.35,-2.03730380732162
-62.099998,-31.799999,-6,-2.04405902440356
-63,-31.5,-7.8,-2.0344439357957
-62.400002,-31.799999,-7.8,-2.04210659537717
-63.299999,-31.799999,-7.8,-2.03633786664788
-61.799999,-31.200001,-7.2,-2.03831990478298
-61.799999,-31.200001,-7.2,-2.03831990478298
-61.799999,-31.200001,-7.2,-2.03831990478298
-61.799999,-31.200001,-7.2,-2.03831990478298
-61.799999,-31.200001,-7.2,-2.03831990478298
-61.799999,-31.200001,-7.2,-2.03831990478298
-62.25,-32.849998,-6.75,-2.05636604168221
-62.400002,-31.5,-7.5,-2.03828267563874
-62.400002,-31.5,-6.6,-2.03828267563874
-63,-31.200001,-7.8,-2.0306271731834
-63,-31.799999,-7.5,-2.03824618619106
-63,-31.799999,-7.5,-2.03824618619106
-63,-31.799999,-7.5,-2.03824618619106
-63,-31.799999,-7.5,-2.03824618619106
-63,-31.799999,-7.5,-2.03824618619106
-61.799999,-32.099998,-6,-2.04985695448526
-63.150002,-31.049999,-5.25,-2.02777098762289
-63.150002,-32.549999,-7.35,-2.04671902564022
-61.799999,-31.5,-6,-2.04218073187664
-62.700001,-30.9,-7.2,-2.02868583572062
-62.700001,-30.9,-7.2,-2.02868583572062
-62.700001,-30.9,-7.2,-2.02868583572062
-62.700001,-30.9,-7.2,-2.02868583572062
-62.700001,-30.9,-7.2,-2.02868583572062
-63,-31.5,-8.1,-2.0344439357957
-63.900002,-31.200001,-7.2,-2.02501025368634
-63.150002,-31.950001,-6.45,-2.03918323665543
-62.25,-31.950001,-7.35,-2.04499005799158
-61.349998,-30.15,-6.75,-2.02757457687111
-62.549999,-31.65,-6.15,-2.03922859471955
-61.5,-31.799999,-6.9,-2.04800898233812
-61.5,-31.799999,-6.9,-2.04800898233812
-61.5,-31.799999,-6.9,-2.04800898233812
-61.5,-31.799999,-6.9,-2.04800898233812
-61.5,-31.799999,-6.9,-2.04800898233812
-63.299999,-31.5,-6.3,-2.03254641116739
-61.349998,-30.75,-7.95,-2.03542146564993
-61.349998,-31.65,-7.05,-2.04707690187689
-63,-32.700001,-6.3,-2.04956566893046
-63,-32.700001,-6.3,-2.04956566893046
-63,-32.700001,-6.3,-2.04956566893046
-63,-32.700001,-6.3,-2.04956566893046
-63,-32.700001,-6.3,-2.04956566893046
-63.150002,-31.35,-5.25,-2.03158950657648
-62.549999,-31.950001,-5.85,-2.04303973177717
-64.050003,-32.549999,-7.35,-2.04097975911599
-61.950001,-31.049999,-7.35,-2.03541197033703
-61.950001,-30.75,-7.35,-2.03153414126521
-62.700001,-32.400002,-6.6,-2.0477511537152
-62.700001,-32.400002,-6.6,-2.0477511537152
-62.700001,-32.400002,-6.6,-2.0477511537152
-62.700001,-32.400002,-6.6,-2.0477511537152
-62.400002,-32.400002,-6.6,-2.04970993747958
-63.299999,-31.5,-6.3,-2.03254641116739
-62.700001,-31.200001,-8.1,-2.03252823574932
-62.099998,-31.5,-6.6,-2.04022423123265
-62.549999,-32.25,-6.75,-2.04683606294271
-62.549999,-32.25,-6.75,-2.04683606294271
-62.549999,-32.25,-6.75,-2.04683606294271
-63.299999,-31.200001,-6.9,-2.02874059455816
-61.650002,-32.25,-6.75,-2.05276395558253
-61.799999,-31.799999,-7.2,-2.0460264231938
-61.799999,-31.799999,-7.2,-2.0460264231938
-62.549999,-31.35,-6.45,-2.03540271467684
-61.200001,-32.099998,-7.5,-2.05385893934776
-61.650002,-32.849998,-6.15,-2.06037468292261
-63.150002,-31.65,-7.35,-2.03539359044027
-63.150002,-31.65,-7.35,-2.03539359044027
-63.150002,-31.65,-7.35,-2.03539359044027
-63.299999,-32.099998,-6,-2.04011493374548
-61.349998,-31.35,-6.75,-2.04320711319167
-63.450001,-31.950001,-6.45,-2.03727679564924
-64.349998,-30.75,-7.35,-2.01657190928975
-64.349998,-30.75,-7.35,-2.01657190928975
-64.349998,-30.75,-7.35,-2.01657190928975
-62.25,-31.049999,-7.05,-2.03347960307653
-62.549999,-31.35,-6.45,-2.03540271467684
-64.199997,-33,-6.3,-2.0455959088209
-64.199997,-33,-6.3,-2.0455959088209
-64.199997,-33,-6.3,-2.0455959088209
-63.150002,-31.65,-6.45,-2.03539359044027
-62.849998,-31.35,-7.05,-2.03348883895896
-63.450001,-31.35,-6.75,-2.02970462852716
-63.450001,-31.35,-6.75,-2.02970462852716
-63.450001,-31.35,-6.75,-2.02970462852716
-61.349998,-32.25,-7.05,-2.05477028784774
-62.400002,-30.299999,-6.3,-2.02283901535874
-62.400002,-30.299999,-6.3,-2.02283901535874
-62.400002,-30.299999,-6.3,-2.02283901535874
-62.400002,-30.299999,-6.3,-2.02283901535874
-63.150002,-31.65,-8.25,-2.03539359044027
-63,-31.799999,-7.5,-2.03824618619106
-63,-30.9,-7.2,-2.02679590136016
-63,-30.9,-7.2,-2.02679590136016
-63,-30.9,-7.2,-2.02679590136016
-61.650002,-31.35,-6.75,-2.04123334309739
-62.549999,-30.450001,-6.15,-2.02383683113876
-62.25,-31.65,-6.75,-2.04116813800345
-62.25,-31.65,-6.75,-2.04116813800345
-62.25,-31.65,-6.75,-2.04116813800345
-63.299999,-31.5,-6.9,-2.03254641116739
-62.25,-31.049999,-6.75,-2.03347960307653
-62.849998,-31.35,-6.45,-2.03348883895896
-62.549999,-31.049999,-6.45,-2.03156209293378
-62.549999,-31.049999,-6.45,-2.03156209293378
-62.549999,-31.049999,-6.45,-2.03156209293378
-62.549999,-31.049999,-6.45,-2.03156209293378
-62.549999,-31.049999,-6.45,-2.03156209293378
-63,-30.6,-6.3,-2.02295018908067
-63.900002,-31.5,-7.8,-2.02879426597945
-62.099998,-31.5,-6.6,-2.04022423123265
-62.700001,-32.099998,-7.5,-2.04396742564616
-62.099998,-31.200001,-7.5,-2.03637446110519
-63.299999,-30.9,-7.5,-2.02492042042979
-63.299999,-30.9,-7.5,-2.02492042042979
-63.299999,-30.9,-7.5,-2.02492042042979
-63.299999,-30.9,-7.5,-2.02492042042979
-62.400002,-32.400002,-6.6,-2.04970993747958
-63.450001,-31.65,-6.45,-2.03349785598899
-62.25,-31.35,-6.75,-2.03733131949446
-62.549999,-30.15,-7.65,-2.01995220298341
-63,-31.200001,-7.2,-2.0306271731834
-61.950001,-30.15,-7.65,-2.02373353082308
-62.549999,-30.75,-7.95,-2.02770679670506
-62.549999,-30.75,-7.95,-2.02770679670506
-62.549999,-30.75,-7.95,-2.02770679670506
-62.549999,-30.75,-7.95,-2.02770679670506
-62.549999,-30.75,-7.95,-2.02770679670506
-62.700001,-31.799999,-6.3,-2.04016904496379
-61.799999,-30.6,-5.7,-2.03055291128358
